,mean,std
0,0.52348703,0.26603922
1,0.41712767,0.23626018
2,0.35892802,0.22814928
